"","IE_9_1.1","IE_9_1.2","IE_9_1.3","IE_9_1.4","IE_9_1.5","IE_9_1.6","IE_9_1.7","IE_9_1.8","IE_9_1.9","IE_9_1.10","IE_9_1.11","IE_9_1.12","IE_9_1.13","IE_9_1.14","IE_9_1.15","IE_9_1.16","IE_9_1.17","IE_9_1.18"
"NÚMERO SECUENCIAL",814436,586517,585770,585771,2737990,2737991,2737992,608361,2737989,239819,239829,239833,239837,2737988,581376,581377,581378,581379
"DESCRIPCIÓN DE LA SERIE","UEM. Operaciones principales de financiación","UEM. Operac. de financiacion a mas largo plazo","UEM. Facilidad permanente de credito","UEM. Facilidad permanente de deposito","UEM. Mercado monetario a un dia (EONIA) ","UEM. Mercado monetario a un mes (EURIBOR)","UEM. Tipo interes interbancario. 3 meses","MERCADO MONETARIO. TIPOS DE INTERES MERCADO INTERBANCARIO. EURIBOR. A SEIS MESES. ","UEM. Tipo interés Interbancario. Euribor 12 meses","Depositos no transferibles a 1 dia. Tipo medio de interes","Depositos no transferibles a 1 mes. Tipo medio de interes","Depositos no transferibles a 3 meses. Tipo medio de interes","Depositos no transferibles a 6 meses. Tipo medio de interes","Depositos no transferibles a 12 meses. Tipo medio de interes","Operaciones temporales con deuda pública. Dia a dia. Tipo medio","Operaciones temporales con deuda pública. A un mes. Tipo medio","Operaciones temporales con deuda pública. A tres meses. Tipo medio","Operaciones temporales con deuda pública. A un año. Tipo medio "
"DESCRIPCIÓN DE LAS UNIDADES","Porcentaje","Porcentaje","Porcentaje","Porcentaje","Porcentaje","Porcentaje","Porcentaje","Porcentaje","Porcentaje","Porcentaje","Porcentaje","Porcentaje","Porcentaje","Porcentaje","Porcentaje","Porcentaje","Porcentaje","Porcentaje"
"ENE 1974","_","_","_","_","_","_","_","_","_",8.365,13.315,"_","_","_","_","_","_","_"
"FEB 1974","_","_","_","_","_","_","_","_","_",8.641,12.657,"_","_","_","_","_","_","_"
"MAR 1974","_","_","_","_","_","_","_","_","_",6.628,9.100,"_","_","_","_","_","_","_"
"ABR 1974","_","_","_","_","_","_","_","_","_",8.902,10.451,"_","_","_","_","_","_","_"
"MAY 1974","_","_","_","_","_","_","_","_","_",15.744,15.263,"_","_","_","_","_","_","_"
"JUN 1974","_","_","_","_","_","_","_","_","_",14.958,17.124,"_","_","_","_","_","_","_"
"JUL 1974","_","_","_","_","_","_","_","_","_",12.309,14.206,"_","_","_","_","_","_","_"
"AGO 1974","_","_","_","_","_","_","_","_","_",13.953,13.594,"_","_","_","_","_","_","_"
"SEP 1974","_","_","_","_","_","_","_","_","_",10.317,10.849,"_","_","_","_","_","_","_"
"OCT 1974","_","_","_","_","_","_","_","_","_",4.832,8.524,"_","_","_","_","_","_","_"
"NOV 1974","_","_","_","_","_","_","_","_","_",5.108,8.050,"_","_","_","_","_","_","_"
"DIC 1974","_","_","_","_","_","_","_","_","_",5.569,8.935,"_","_","_","_","_","_","_"
"ENE 1975","_","_","_","_","_","_","_","_","_",5.518,8.871,"_","_","_","_","_","_","_"
"FEB 1975","_","_","_","_","_","_","_","_","_",8.555,10.814,"_","_","_","_","_","_","_"
"MAR 1975","_","_","_","_","_","_","_","_","_",6.395,9.899,"_","_","_","_","_","_","_"
"ABR 1975","_","_","_","_","_","_","_","_","_",6.100,9.849,"_","_","_","_","_","_","_"
"MAY 1975","_","_","_","_","_","_","_","_","_",6.489,9.971,"_","_","_","_","_","_","_"
"JUN 1975","_","_","_","_","_","_","_","_","_",5.433,9.789,"_","_","_","_","_","_","_"
"JUL 1975","_","_","_","_","_","_","_","_","_",5.940,10.002,"_","_","_","_","_","_","_"
"AGO 1975","_","_","_","_","_","_","_","_","_",6.171,10.095,"_","_","_","_","_","_","_"
"SEP 1975","_","_","_","_","_","_","_","_","_",6.692,10.020,"_","_","_","_","_","_","_"
"OCT 1975","_","_","_","_","_","_","_","_","_",6.750,10.417,"_","_","_","_","_","_","_"
"NOV 1975","_","_","_","_","_","_","_","_","_",7.971,10.908,"_","_","_","_","_","_","_"
"DIC 1975","_","_","_","_","_","_","_","_","_",8.328,11.334,"_","_","_","_","_","_","_"
"ENE 1976","_","_","_","_","_","_","_","_","_",11.663,12.298,"_","_","_","_","_","_","_"
"FEB 1976","_","_","_","_","_","_","_","_","_",13.774,15.189,"_","_","_","_","_","_","_"
"MAR 1976","_","_","_","_","_","_","_","_","_",6.762,11.354,"_","_","_","_","_","_","_"
"ABR 1976","_","_","_","_","_","_","_","_","_",5.608,9.069,"_","_","_","_","_","_","_"
"MAY 1976","_","_","_","_","_","_","_","_","_",7.644,10.291,"_","_","_","_","_","_","_"
"JUN 1976","_","_","_","_","_","_","_","_","_",12.073,13.460,"_","_","_","_","_","_","_"
"JUL 1976","_","_","_","_","_","_","_","_","_",17.262,15.522,"_","_","_","_","_","_","_"
"AGO 1976","_","_","_","_","_","_","_","_","_",14.273,"_","_","_","_","_","_","_","_"
"SEP 1976","_","_","_","_","_","_","_","_","_",8.162,"_","_","_","_","_","_","_","_"
"OCT 1976","_","_","_","_","_","_","_","_","_",6.876,"_","_","_","_","_","_","_","_"
"NOV 1976","_","_","_","_","_","_","_","_","_",7.211,"_","_","_","_","_","_","_","_"
"DIC 1976","_","_","_","_","_","_","_","_","_",8.282,14.867,"_","_","_","_","_","_","_"
"ENE 1977","_","_","_","_","_","_","_","_","_",12.837,15.061,14.250,"_","_","_","_","_","_"
"FEB 1977","_","_","_","_","_","_","_","_","_",18.389,16.653,13.375,13.833,"_","_","_","_","_"
"MAR 1977","_","_","_","_","_","_","_","_","_",12.398,13.402,13.336,14.417,"_","_","_","_","_"
"ABR 1977","_","_","_","_","_","_","_","_","_",9.629,12.121,13.250,14.000,"_","_","_","_","_"
"MAY 1977","_","_","_","_","_","_","_","_","_",9.492,12.736,13.875,14.500,"_","_","_","_","_"
"JUN 1977","_","_","_","_","_","_","_","_","_",8.295,12.322,13.341,14.286,15.500,"_","_","_","_"
"JUL 1977","_","_","_","_","_","_","_","_","_",12.771,15.633,15.479,15.063,"_","_","_","_","_"
"AGO 1977","_","_","_","_","_","_","_","_","_",18.506,17.768,16.956,16.000,"_","_","_","_","_"
"SEP 1977","_","_","_","_","_","_","_","_","_",16.435,17.956,17.500,19.125,22.000,"_","_","_","_"
"OCT 1977","_","_","_","_","_","_","_","_","_",20.213,20.463,20.875,20.275,"_","_","_","_","_"
"NOV 1977","_","_","_","_","_","_","_","_","_",10.731,17.045,17.981,"_","_","_","_","_","_"
"DIC 1977","_","_","_","_","_","_","_","_","_",7.778,13.004,16.051,"_","_","_","_","_","_"
"ENE 1978","_","_","_","_","_","_","_","_","_",9.107,13.497,13.350,13.308,"_","_","_","_","_"
"FEB 1978","_","_","_","_","_","_","_","_","_",3.259,7.835,9.542,8.514,"_","_","_","_","_"
"MAR 1978","_","_","_","_","_","_","_","_","_",1.909,5.238,8.777,8.996,"_","_","_","_","_"
"ABR 1978","_","_","_","_","_","_","_","_","_",6.712,8.800,10.838,10.500,"_","_","_","_","_"
"MAY 1978","_","_","_","_","_","_","_","_","_",12.207,12.915,13.646,13.876,"_","_","_","_","_"
"JUN 1978","_","_","_","_","_","_","_","_","_",18.026,17.600,16.601,15.379,"_","_","_","_","_"
"JUL 1978","_","_","_","_","_","_","_","_","_",28.013,25.104,21.501,20.173,"_","_","_","_","_"
"AGO 1978","_","_","_","_","_","_","_","_","_",42.570,37.365,26.120,21.416,"_","_","_","_","_"
"SEP 1978","_","_","_","_","_","_","_","_","_",27.542,27.500,24.345,23.299,"_","_","_","_","_"
"OCT 1978","_","_","_","_","_","_","_","_","_",42.864,37.997,22.553,25.617,"_","_","_","_","_"
"NOV 1978","_","_","_","_","_","_","_","_","_",40.564,45.858,26.000,30.500,"_","_","_","_","_"
"DIC 1978","_","_","_","_","_","_","_","_","_",16.492,21.479,17.813,20.875,"_","_","_","_","_"
"ENE 1979","_","_","_","_","_","_","_","_","_",11.522,16.638,13.070,18.167,"_","_","_","_","_"
"FEB 1979","_","_","_","_","_","_","_","_","_",9.717,14.140,14.592,16.500,"_","_","_","_","_"
"MAR 1979","_","_","_","_","_","_","_","_","_",12.783,14.767,13.833,"_","_","_","_","_","_"
"ABR 1979","_","_","_","_","_","_","_","_","_",19.273,20.144,12.100,22.477,"_","_","_","_","_"
"MAY 1979","_","_","_","_","_","_","_","_","_",21.415,24.698,18.875,"_","_","_","_","_","_"
"JUN 1979","_","_","_","_","_","_","_","_","_",10.074,16.265,18.634,"_","_","_","_","_","_"
"JUL 1979","_","_","_","_","_","_","_","_","_",15.227,16.465,17.839,17.625,"_","_","_","_","_"
"AGO 1979","_","_","_","_","_","_","_","_","_",15.742,18.654,15.688,"_","_","_","_","_","_"
"SEP 1979","_","_","_","_","_","_","_","_","_",11.871,15.431,16.770,17.450,18.750,"_","_","_","_"
"OCT 1979","_","_","_","_","_","_","_","_","_",8.847,11.355,14.399,15.813,17.422,"_","_","_","_"
"NOV 1979","_","_","_","_","_","_","_","_","_",10.389,12.997,14.477,16.045,17.188,"_","_","_","_"
"DIC 1979","_","_","_","_","_","_","_","_","_",10.754,13.212,15.964,15.984,16.706,"_","_","_","_"
"ENE 1980","_","_","_","_","_","_","_","_","_",11.896,13.380,15.495,17.384,16.796,"_","_","_","_"
"FEB 1980","_","_","_","_","_","_","_","_","_",12.827,13.441,14.339,15.618,16.375,"_","_","_","_"
"MAR 1980","_","_","_","_","_","_","_","_","_",16.653,15.508,17.112,16.592,5.500,"_","_","_","_"
"ABR 1980","_","_","_","_","_","_","_","_","_",16.386,17.673,17.914,17.850,19.250,"_","_","_","_"
"MAY 1980","_","_","_","_","_","_","_","_","_",19.255,18.695,18.728,18.250,"_","_","_","_","_"
"JUN 1980","_","_","_","_","_","_","_","_","_",15.210,16.602,18.025,17.958,"_","_","_","_","_"
"JUL 1980","_","_","_","_","_","_","_","_","_",13.951,14.792,15.935,16.279,17.313,"_","_","_","_"
"AGO 1980","_","_","_","_","_","_","_","_","_",14.132,14.596,15.550,16.325,17.000,"_","_","_","_"
"SEP 1980","_","_","_","_","_","_","_","_","_",14.340,14.447,15.325,15.926,"_","_","_","_","_"
"OCT 1980","_","_","_","_","_","_","_","_","_",15.445,15.345,15.785,16.194,"_","_","_","_","_"
"NOV 1980","_","_","_","_","_","_","_","_","_",16.788,16.131,16.322,16.759,16.937,"_","_","_","_"
"DIC 1980","_","_","_","_","_","_","_","_","_",18.598,17.440,17.742,17.875,17.563,"_","_","_","_"
"ENE 1981","_","_","_","_","_","_","_","_","_",17.096,17.266,17.641,18.047,17.938,"_","_","_","_"
"FEB 1981","_","_","_","_","_","_","_","_","_",13.514,14.803,15.942,16.420,16.917,"_","_","_","_"
"MAR 1981","_","_","_","_","_","_","_","_","_",12.915,13.145,14.825,15.497,16.581,"_","_","_","_"
"ABR 1981","_","_","_","_","_","_","_","_","_",13.888,13.789,14.780,15.464,16.368,"_","_","_","_"
"MAY 1981","_","_","_","_","_","_","_","_","_",16.803,16.279,16.676,16.719,17.000,"_","_","_","_"
"JUN 1981","_","_","_","_","_","_","_","_","_",18.533,17.045,17.213,17.278,17.196,"_","_","_","_"
"JUL 1981","_","_","_","_","_","_","_","_","_",16.682,16.123,16.663,16.833,17.125,"_","_","_","_"
"AGO 1981","_","_","_","_","_","_","_","_","_",17.423,16.090,16.433,16.616,17.125,"_","_","_","_"
"SEP 1981","_","_","_","_","_","_","_","_","_",17.361,15.880,16.213,16.403,16.612,"_","_","_","_"
"OCT 1981","_","_","_","_","_","_","_","_","_",17.268,15.345,15.553,15.888,16.500,"_","_","_","_"
"NOV 1981","_","_","_","_","_","_","_","_","_",18.522,15.730,16.090,16.269,"_","_","_","_","_"
"DIC 1981","_","_","_","_","_","_","_","_","_",18.731,15.522,16.103,16.624,16.125,"_","_","_","_"
"ENE 1982","_","_","_","_","_","_","_","_","_",14.703,15.121,15.759,15.997,17.000,"_","_","_","_"
"FEB 1982","_","_","_","_","_","_","_","_","_",14.981,14.499,15.188,15.073,15.896,"_","_","_","_"
"MAR 1982","_","_","_","_","_","_","_","_","_",15.181,13.560,14.645,15.408,15.729,"_","_","_","_"
"ABR 1982","_","_","_","_","_","_","_","_","_",12.397,14.605,15.506,15.550,15.497,"_","_","_","_"
"MAY 1982","_","_","_","_","_","_","_","_","_",17.817,15.625,16.047,16.067,"_","_","_","_","_"
"JUN 1982","_","_","_","_","_","_","_","_","_",22.344,18.056,17.726,17.199,17.687,"_","_","_","_"
"JUL 1982","_","_","_","_","_","_","_","_","_",17.286,17.324,17.446,17.306,17.167,"_","_","_","_"
"AGO 1982","_","_","_","_","_","_","_","_","_",13.959,15.130,15.855,16.028,16.656,"_","_","_","_"
"SEP 1982","_","_","_","_","_","_","_","_","_",13.783,13.914,15.148,15.695,16.088,"_","_","_","_"
"OCT 1982","_","_","_","_","_","_","_","_","_",20.542,17.303,17.108,16.962,17.000,"_","_","_","_"
"NOV 1982","_","_","_","_","_","_","_","_","_",23.176,19.266,17.962,17.686,17.031,"_","_","_","_"
"DIC 1982","_","_","_","_","_","_","_","_","_",20.305,16.550,16.988,15.724,16.729,"_","_","_","_"
"ENE 1983","_","_","_","_","_","_","_","_","_",16.604,16.525,16.777,16.869,16.829,"_","_","_","_"
"FEB 1983","_","_","_","_","_","_","_","_","_",17.500,16.821,16.980,17.050,16.954,"_","_","_","_"
"MAR 1983","_","_","_","_","_","_","_","_","_",17.676,15.857,16.627,16.779,16.881,"_","_","_","_"
"ABR 1983","_","_","_","_","_","_","_","_","_",20.439,18.910,18.251,17.769,17.493,"_","_","_","_"
"MAY 1983","_","_","_","_","_","_","_","_","_",20.740,21.574,21.245,19.490,18.099,"_","_","_","_"
"JUN 1983","_","_","_","_","_","_","_","_","_",20.135,20.762,21.039,19.898,18.329,"_","_","_","_"
"JUL 1983","_","_","_","_","_","_","_","_","_",21.092,22.479,22.392,21.427,19.467,"_","_","_","_"
"AGO 1983","_","_","_","_","_","_","_","_","_",23.404,24.043,23.411,22.464,20.183,"_","_","_","_"
"SEP 1983","_","_","_","_","_","_","_","_","_",20.686,22.064,22.347,21.340,19.728,"_","_","_","_"
"OCT 1983","_","_","_","_","_","_","_","_","_",19.980,22.185,21.831,21.170,19.806,"_","_","_","_"
"NOV 1983","_","_","_","_","_","_","_","_","_",18.249,20.294,20.694,20.354,19.796,"_","_","_","_"
"DIC 1983","_","_","_","_","_","_","_","_","_",16.987,18.484,19.001,19.066,18.607,"_","_","_","_"
"ENE 1984","_","_","_","_","_","_","_","_","_",10.449,17.298,18.414,18.867,19.065,"_","_","_","_"
"FEB 1984","_","_","_","_","_","_","_","_","_",18.162,18.295,18.457,18.540,18.850,"_","_","_","_"
"MAR 1984","_","_","_","_","_","_","_","_","_",14.771,16.415,17.139,17.577,17.863,"_","_","_","_"
"ABR 1984","_","_","_","_","_","_","_","_","_",11.612,15.066,16.210,16.888,17.308,"_","_","_","_"
"MAY 1984","_","_","_","_","_","_","_","_","_",11.931,14.663,15.410,16.343,16.914,"_","_","_","_"
"JUN 1984","_","_","_","_","_","_","_","_","_",11.908,13.452,14.414,15.468,16.214,"_","_","_","_"
"JUL 1984","_","_","_","_","_","_","_","_","_",11.152,12.909,13.651,14.234,15.395,"_","_","_","_"
"AGO 1984","_","_","_","_","_","_","_","_","_",12.686,13.194,13.749,14.336,14.589,"_","_","_","_"
"SEP 1984","_","_","_","_","_","_","_","_","_",12.513,12.856,13.109,13.778,14.334,"_","_","_","_"
"OCT 1984","_","_","_","_","_","_","_","_","_",10.860,12.540,13.075,13.433,14.165,"_","_","_","_"
"NOV 1984","_","_","_","_","_","_","_","_","_",12.996,12.946,12.930,13.120,14.065,"_","_","_","_"
"DIC 1984","_","_","_","_","_","_","_","_","_",12.181,12.131,12.216,12.436,13.589,"_","_","_","_"
"ENE 1985","_","_","_","_","_","_","_","_","_",11.433,12.272,12.297,12.472,13.000,"_","_","_","_"
"FEB 1985","_","_","_","_","_","_","_","_","_",12.158,12.216,12.185,12.276,12.653,"_","_","_","_"
"MAR 1985","_","_","_","_","_","_","_","_","_",12.071,12.146,12.140,12.252,12.437,"_","_","_","_"
"ABR 1985","_","_","_","_","_","_","_","_","_",10.547,12.344,12.669,12.887,13.109,"_","_","_","_"
"MAY 1985","_","_","_","_","_","_","_","_","_",12.612,12.476,12.757,13.055,13.387,"_","_","_","_"
"JUN 1985","_","_","_","_","_","_","_","_","_",14.019,14.044,14.211,14.397,14.173,"_","_","_","_"
"JUL 1985","_","_","_","_","_","_","_","_","_",12.540,13.791,14.204,14.452,14.727,"_","_","_","_"
"AGO 1985","_","_","_","_","_","_","_","_","_",13.121,13.017,13.422,13.957,14.246,"_","_","_","_"
"SEP 1985","_","_","_","_","_","_","_","_","_",11.057,11.141,11.460,12.280,13.252,"_","_","_","_"
"OCT 1985","_","_","_","_","_","_","_","_","_",9.175,9.992,10.367,11.192,12.291,"_","_","_","_"
"NOV 1985","_","_","_","_","_","_","_","_","_",10.653,10.290,10.472,10.974,12.009,"_","_","_","_"
"DIC 1985","_","_","_","_","_","_","_","_","_",9.940,10.194,10.509,10.999,11.869,"_","_","_","_"
"ENE 1986","_","_","_","_","_","_","_","_","_",8.497,10.190,10.683,11.387,12.123,"_","_","_","_"
"FEB 1986","_","_","_","_","_","_","_","_","_",10.542,10.527,10.719,11.088,11.811,"_","_","_","_"
"MAR 1986","_","_","_","_","_","_","_","_","_",11.255,11.412,11.587,11.701,12.142,"_","_","_","_"
"ABR 1986","_","_","_","_","_","_","_","_","_",12.202,12.312,12.274,12.135,12.176,"_","_","_","_"
"MAY 1986","_","_","_","_","_","_","_","_","_",12.040,11.837,11.631,11.384,11.418,"_","_","_","_"
"JUN 1986","_","_","_","_","_","_","_","_","_",12.033,12.165,12.058,11.816,11.673,"_","_","_","_"
"JUL 1986","_","_","_","_","_","_","_","_","_",12.262,12.505,12.511,12.371,12.148,"_","_","_","_"
"AGO 1986","_","_","_","_","_","_","_","_","_",12.348,12.328,12.184,11.910,11.814,"_","_","_","_"
"SEP 1986","_","_","_","_","_","_","_","_","_",11.580,11.568,11.529,11.421,11.436,"_","_","_","_"
"OCT 1986","_","_","_","_","_","_","_","_","_",11.680,11.576,11.406,11.184,11.208,"_","_","_","_"
"NOV 1986","_","_","_","_","_","_","_","_","_",11.694,11.602,11.520,11.318,11.262,"_","_","_","_"
"DIC 1986","_","_","_","_","_","_","_","_","_",11.757,11.859,11.791,11.529,11.417,"_","_","_","_"
"ENE 1987","_","_","_","_","_","_","_","_","_",12.209,12.403,12.351,12.100,11.940,"_","_","_","_"
"FEB 1987","_","_","_","_","_","_","_","_","_",12.472,12.611,12.597,12.308,12.078,"_","_","_","_"
"MAR 1987","_","_","_","_","_","_","_","_","_",14.425,14.672,14.598,14.141,13.228,"_","_","_","_"
"ABR 1987","_","_","_","_","_","_","_","_","_",17.321,17.545,17.090,16.104,15.209,"_","_","_","_"
"MAY 1987","_","_","_","_","_","_","_","_","_",20.181,20.685,19.803,17.803,16.430,"_","_","_","_"
"JUN 1987","_","_","_","_","_","_","_","_","_",18.122,18.519,18.289,17.053,15.998,"_","_","_","_"
"JUL 1987","_","_","_","_","_","_","_","_","_",18.094,18.069,17.563,16.706,15.880,"_","_","_","_"
"AGO 1987","_","_","_","_","_","_","_","_","_",17.684,17.510,16.832,16.044,15.383,"_","_","_","_"
"SEP 1987","_","_","_","_","_","_","_","_","_",17.452,17.407,16.865,16.311,15.410,"_","_","_","_"
"OCT 1987","_","_","_","_","_","_","_","_","_",16.223,16.148,15.842,15.587,15.058,"_","_","_","_"
"NOV 1987","_","_","_","_","_","_","_","_","_",14.596,14.575,14.440,14.285,14.183,"_","_","_","_"
"DIC 1987","_","_","_","_","_","_","_","_","_",13.999,13.916,13.595,13.446,14.035,"_","_","_","_"
"ENE 1988","_","_","_","_","_","_","_","_","_",13.196,13.055,12.730,12.562,12.673,"_","_","_","_"
"FEB 1988","_","_","_","_","_","_","_","_","_",12.128,12.135,12.012,11.917,11.879,"_","_","_","_"
"MAR 1988","_","_","_","_","_","_","_","_","_",11.396,11.271,11.055,10.989,11.030,"_","_","_","_"
"ABR 1988","_","_","_","_","_","_","_","_","_",11.013,10.979,10.902,10.934,10.953,"_","_","_","_"
"MAY 1988","_","_","_","_","_","_","_","_","_",10.812,10.974,11.107,11.284,11.279,"_","_","_","_"
"JUN 1988","_","_","_","_","_","_","_","_","_",10.474,10.433,10.443,10.482,10.588,"_","_","_","_"
"JUL 1988","_","_","_","_","_","_","_","_","_",10.455,10.661,10.786,10.815,10.866,"_","_","_","_"
"AGO 1988","_","_","_","_","_","_","_","_","_",10.392,10.549,10.747,10.901,11.039,"_","_","_","_"
"SEP 1988","_","_","_","_","_","_","_","_","_",10.579,10.873,11.175,11.380,11.599,"_","_","_","_"
"OCT 1988","_","_","_","_","_","_","_","_","_",11.310,11.840,12.629,12.799,12.842,"_","_","_","_"
"NOV 1988","_","_","_","_","_","_","_","_","_",11.362,11.890,12.570,12.968,13.024,"_","_","_","_"
"DIC 1988","_","_","_","_","_","_","_","_","_",12.399,12.821,13.648,13.814,13.907,"_","_","_","_"
"ENE 1989","_","_","_","_","_","_","_","_","_",12.346,13.241,14.135,14.591,14.788,"_","_","_","_"
"FEB 1989","_","_","_","_","_","_","_","_","_",13.470,14.013,14.563,14.903,14.996,"_","_","_","_"
"MAR 1989","_","_","_","_","_","_","_","_","_",13.892,14.467,15.127,15.440,15.522,"_","_","_","_"
"ABR 1989","_","_","_","_","_","_","_","_","_",13.909,14.350,14.780,14.999,15.072,"_","_","_","_"
"MAY 1989","_","_","_","_","_","_","_","_","_",13.974,14.373,14.765,14.906,14.983,"_","_","_","_"
"JUN 1989","_","_","_","_","_","_","_","_","_",14.422,14.715,14.896,14.981,14.965,"_","_","_","_"
"JUL 1989","_","_","_","_","_","_","_","_","_",15.107,15.464,15.530,15.452,15.250,"_","_","_","_"
"AGO 1989","_","_","_","_","_","_","_","_","_",15.103,15.301,15.307,15.157,15.057,"_","_","_","_"
"SEP 1989","_","_","_","_","_","_","_","_","_",14.985,15.083,15.064,14.838,14.766,"_","_","_","_"
"OCT 1989","_","_","_","_","_","_","_","_","_",14.828,14.955,14.959,14.756,14.717,"_","_","_","_"
"NOV 1989","_","_","_","_","_","_","_","_","_",15.183,15.316,15.331,15.239,15.212,"_","_","_","_"
"DIC 1989","_","_","_","_","_","_","_","_","_",15.487,15.894,15.979,15.915,15.896,"_","_","_","_"
"ENE 1990","_","_","_","_","_","_","_","_","_",15.065,15.461,15.604,15.623,15.643,"_","_","_","_"
"FEB 1990","_","_","_","_","_","_","_","_","_",15.059,15.297,15.498,15.635,15.703,"_","_","_","_"
"MAR 1990","_","_","_","_","_","_","_","_","_",14.785,15.147,15.434,15.609,15.786,"_","_","_","_"
"ABR 1990","_","_","_","_","_","_","_","_","_",14.580,14.762,14.992,15.178,15.446,"_","_","_","_"
"MAY 1990",14.60,"_","_","_","_","_","_","_","_",14.664,14.883,15.046,15.243,15.461,"_","_","_","_"
"JUN 1990",14.65,"_","_","_","_","_","_","_","_",14.742,14.868,14.996,15.100,15.260,"_","_","_","_"
"JUL 1990",14.65,"_","_","_","_","_","_","_","_",14.710,14.844,15.010,15.084,15.200,"_","_","_","_"
"AGO 1990",14.65,"_","_","_","_","_","_","_","_",14.637,14.795,15.018,15.145,15.317,"_","_","_","_"
"SEP 1990",14.65,"_","_","_","_","_","_","_","_",14.655,14.873,15.157,15.383,15.714,"_","_","_","_"
"OCT 1990",14.65,"_","_","_","_","_","_","_","_",14.612,14.756,14.967,15.049,15.319,"_","_","_","_"
"NOV 1990",14.65,"_","_","_","_","_","_","_","_",14.703,14.799,14.978,15.029,15.197,"_","_","_","_"
"DIC 1990",14.70,"_","_","_","_","_","_","_","_",14.913,14.994,15.119,15.196,15.268,"_","_","_","_"
"ENE 1991",14.70,"_","_","_","_","_","_","_","_",14.591,14.950,15.148,15.246,15.292,"_","_","_","_"
"FEB 1991",14.50,"_","_","_","_","_","_","_","_",14.563,14.667,14.703,14.604,14.585,"_","_","_","_"
"MAR 1991",13.50,"_","_","_","_","_","_","_","_",14.083,13.979,13.787,13.629,13.590,"_","_","_","_"
"ABR 1991",13.50,"_","_","_","_","_","_","_","_",13.580,13.613,13.463,13.230,13.136,"_","_","_","_"
"MAY 1991",12.75,"_","_","_","_","_","_","_","_",13.173,13.138,12.936,12.677,12.519,"_","_","_","_"
"JUN 1991",12.75,"_","_","_","_","_","_","_","_",12.663,12.680,12.494,12.274,12.233,"_","_","_","_"
"JUL 1991",12.75,"_","_","_","_","_","_","_","_",12.720,12.787,12.821,12.681,12.646,"_","_","_","_"
"AGO 1991",12.60,"_","_","_","_","_","_","_","_",12.645,12.720,12.717,12.683,12.656,"_","_","_","_"
"SEP 1991",12.60,"_","_","_","_","_","_","_","_",12.592,12.585,12.394,12.285,12.274,"_","_","_","_"
"OCT 1991",12.60,"_","_","_","_","_","_","_","_",12.579,12.653,12.618,12.477,12.436,"_","_","_","_"
"NOV 1991",12.50,"_","_","_","_","_","_","_","_",12.610,12.664,12.720,12.702,12.682,"_","_","_","_"
"DIC 1991",12.50,"_","_","_","_","_","_","_","_",12.643,12.760,12.920,12.950,12.925,"_","_","_","_"
"ENE 1992",12.65,"_","_","_","_","_","_","_","_",12.717,12.804,12.878,12.853,12.761,"_","_","_","_"
"FEB 1992",12.40,"_","_","_","_","_","_","_","_",12.595,12.722,12.749,12.678,12.572,"_","_","_","_"
"MAR 1992",12.40,"_","_","_","_","_","_","_","_",12.366,12.508,12.574,12.545,12.528,"_","_","_","_"
"ABR 1992",12.40,"_","_","_","_","_","_","_","_",12.124,12.436,12.546,12.566,12.567,"_","_","_","_"
"MAY 1992",12.40,"_","_","_","_","_","_","_","_",12.422,12.462,12.502,12.493,12.485,"_","_","_","_"
"JUN 1992",12.40,"_","_","_","_","_","_","_","_",12.379,12.498,12.624,12.740,12.794,"_","_","_","_"
"JUL 1992",13.00,"_","_","_","_","_","_","_","_",12.659,12.802,12.950,13.103,13.137,"_","_","_","_"
"AGO 1992",13.00,"_","_","_","_","_","_","_","_",13.010,13.263,13.483,13.706,13.892,"_","_","_","_"
"SEP 1992",13.00,"_","_","_","_","_","_","_","_",13.030,14.073,14.118,14.186,14.173,"_","_","_","_"
"OCT 1992",13.00,"_","_","_","_","_","_","_","_",13.406,13.985,14.234,14.147,14.173,"_","_","_","_"
"NOV 1992",13.75,"_","_","_","_","_","_","_","_",14.274,14.332,14.290,14.098,14.119,"_","_","_","_"
"DIC 1992",13.75,"_","_","_","_","_","_","_","_",15.104,15.409,15.156,14.776,14.507,"_","_","_","_"
"ENE 1993",13.25,"_","_","_","_","_","_","_","_",14.361,14.569,14.405,14.098,13.843,"_","_","_","_"
"FEB 1993",13.00,"_","_","_","_","_","_","_","_",14.768,14.695,13.829,13.409,13.051,"_","_","_","_"
"MAR 1993",13.00,"_","_","_","_","_","_","_","_",15.666,15.679,14.645,13.829,13.245,"_","_","_","_"
"ABR 1993",13.00,"_","_","_","_","_","_","_","_",14.246,14.428,13.968,13.420,13.028,"_","_","_","_"
"MAY 1993",11.25,"_","_","_","_","_","_","_","_",13.617,13.690,12.847,12.219,11.963,"_","_","_","_"
"JUN 1993",11.25,"_","_","_","_","_","_","_","_",11.636,11.541,11.102,10.705,10.409,"_","_","_","_"
"JUL 1993",11.00,"_","_","_","_","_","_","_","_",12.385,11.969,11.271,10.716,10.221,"_","_","_","_"
"AGO 1993",10.50,"_","_","_","_","_","_","_","_",10.742,10.837,10.553,10.290,9.784,"_","_","_","_"
"SEP 1993",10.00,"_","_","_","_","_","_","_","_",10.190,10.189,9.979,9.765,9.334,"_","_","_","_"
"OCT 1993",9.25,"_","_","_","_","_","_","_","_",10.688,9.772,9.580,9.398,9.102,"_","_","_","_"
"NOV 1993",9.25,"_","_","_","_","_","_","_","_",9.589,9.531,9.215,8.935,8.742,"_","_","_","_"
"DIC 1993",9.00,"_","_","_","_","_","_","_","_",9.137,9.224,8.863,8.582,8.238,"_","_","_","_"
"ENE 1994",8.75,"_","_","_","_","_","_",6.360,"_",8.999,9.055,8.766,8.428,8.090,8.973,8.881,8.529,7.800
"FEB 1994",8.50,"_","_","_","_","_","_",6.370,"_",8.800,8.793,8.622,8.431,8.139,8.721,8.612,8.422,"_"
"MAR 1994",8.00,"_","_","_","_","_","_",6.290,"_",8.166,8.181,8.144,8.093,8.041,8.095,7.892,7.975,7.650
"ABR 1994",7.75,"_","_","_","_","_","_",6.040,"_",7.953,7.962,7.876,7.840,7.879,7.966,7.789,7.704,7.717
"MAY 1994",7.50,"_","_","_","_","_","_",5.920,"_",7.628,7.690,7.678,7.721,7.835,7.638,7.577,7.534,"_"
"JUN 1994",7.50,"_","_","_","_","_","_",6.110,"_",7.517,7.611,7.706,7.868,8.198,7.482,7.473,7.524,7.760
"JUL 1994",7.50,"_","_","_","_","_","_",6.140,"_",7.562,7.621,7.747,8.041,8.345,7.420,7.201,7.431,7.994
"AGO 1994",7.35,"_","_","_","_","_","_",6.350,"_",7.457,7.650,7.812,8.055,8.482,7.262,7.274,7.185,7.386
"SEP 1994",7.35,"_","_","_","_","_","_",6.350,"_",7.358,7.537,7.843,8.284,8.875,7.253,7.238,7.035,8.439
"OCT 1994",7.35,"_","_","_","_","_","_",6.320,"_",7.419,7.497,7.820,8.238,8.970,7.302,7.314,7.630,"_"
"NOV 1994",7.35,"_","_","_","_","_","_",6.360,"_",7.406,7.532,7.864,8.268,9.019,7.346,7.246,7.653,8.800
"DIC 1994",7.35,"_","_","_","_","_","_",6.830,"_",7.473,7.829,8.224,8.706,9.445,7.379,7.481,7.851,9.065
"ENE 1995",8.00,"_","_","_","_","_","_",6.580,"_",8.016,8.418,8.940,9.562,10.422,7.885,8.098,8.569,9.977
"FEB 1995",8.00,"_","_","_","_","_","_",6.890,"_",8.050,8.263,8.602,9.132,9.942,8.003,8.101,8.402,9.805
"MAR 1995",8.50,"_","_","_","_","_","_",7.130,"_",8.652,9.211,9.556,9.987,10.506,8.424,8.677,9.137,10.034
"ABR 1995",8.50,"_","_","_","_","_","_",6.920,"_",8.566,8.855,9.352,9.741,10.409,8.475,8.591,9.102,10.133
"MAY 1995",8.50,"_","_","_","_","_","_",6.730,"_",8.707,9.017,9.380,9.725,10.300,8.503,8.745,9.108,"_"
"JUN 1995",9.25,"_","_","_","_","_","_",6.710,"_",9.399,9.490,9.631,9.899,10.363,9.193,9.038,9.365,10.253
"JUL 1995",9.25,"_","_","_","_","_","_",6.490,"_",9.438,9.507,9.653,9.844,10.272,9.288,9.292,9.386,10.080
"AGO 1995",9.25,"_","_","_","_","_","_",6.140,"_",9.466,9.526,9.598,9.728,9.982,9.282,9.282,9.353,9.767
"SEP 1995",9.25,"_","_","_","_","_","_",6.270,"_",9.335,9.375,9.380,9.417,9.572,9.288,9.243,9.234,"_"
"OCT 1995",9.25,"_","_","_","_","_","_",6.300,"_",9.302,9.417,9.481,9.524,9.634,9.244,9.283,9.305,9.453
"NOV 1995",9.25,"_","_","_","_","_","_",6.000,"_",9.441,9.447,9.484,9.436,9.430,9.274,9.235,9.255,9.278
"DIC 1995",9.00,"_","_","_","_","_","_",5.620,"_",9.413,9.297,9.213,9.170,9.136,9.130,9.084,9.023,9.160
"ENE 1996",8.75,"_","_","_","_","_","_",5.080,"_",9.016,8.977,8.885,8.712,8.659,8.870,8.797,8.713,8.507
"FEB 1996",8.75,"_","_","_","_","_","_",5.140,"_",9.034,8.927,8.712,8.547,8.473,8.786,8.676,8.467,8.404
"MAR 1996",8.25,"_","_","_","_","_","_",5.100,"_",8.510,8.483,8.435,8.367,8.365,8.476,8.303,8.267,8.245
"ABR 1996",7.75,"_","_","_","_","_","_",4.620,"_",7.818,7.717,7.576,7.504,7.585,7.767,7.634,7.482,"_"
"MAY 1996",7.50,"_","_","_","_","_","_",4.690,"_",7.661,7.628,7.469,7.409,7.419,7.584,7.385,7.273,7.020
"JUN 1996",7.25,"_","_","_","_","_","_",4.690,"_",7.309,7.327,7.301,7.264,7.276,7.253,7.194,6.776,7.160
"JUL 1996",7.25,"_","_","_","_","_","_",4.760,"_",7.387,7.319,7.251,7.190,7.201,7.284,7.125,6.883,7.050
"AGO 1996",7.25,"_","_","_","_","_","_",4.670,"_",7.440,7.409,7.332,7.291,7.269,7.226,7.188,7.141,"_"
"SEP 1996",7.25,"_","_","_","_","_","_",4.330,"_",7.330,7.189,7.063,7.001,6.975,7.231,7.077,6.891,"_"
"OCT 1996",6.75,"_","_","_","_","_","_",4.290,"_",6.849,6.889,6.848,6.725,6.668,6.812,6.710,6.675,6.480
"NOV 1996",6.75,"_","_","_","_","_","_",4.180,"_",6.875,6.833,6.696,6.519,6.388,6.737,6.667,6.496,6.000
"DIC 1996",6.25,"_","_","_","_","_","_",4.060,"_",6.552,6.459,6.359,6.138,5.994,6.419,6.288,6.158,"_"
"ENE 1997",6.00,"_","_","_","_","_","_",4.010,"_",6.109,6.187,5.932,5.690,5.491,5.973,5.889,5.763,5.136
"FEB 1997",6.00,"_","_","_","_","_","_",4.110,"_",6.152,6.067,5.889,5.714,5.580,5.965,5.823,5.671,5.307
"MAR 1997",5.75,"_","_","_","_","_","_",4.170,"_",5.828,5.896,5.829,5.778,5.788,5.755,5.735,5.671,5.565
"ABR 1997",5.50,"_","_","_","_","_","_",4.020,"_",5.603,5.640,5.565,5.526,5.504,5.449,5.485,5.424,5.328
"MAY 1997",5.25,"_","_","_","_","_","_",4.150,"_",5.471,5.375,5.273,5.202,5.170,5.371,5.221,5.134,5.100
"JUN 1997",5.25,"_","_","_","_","_","_",4.030,"_",5.341,5.289,5.205,5.142,5.101,5.265,5.154,5.061,5.033
"JUL 1997",5.25,"_","_","_","_","_","_",4.080,"_",5.336,5.302,5.268,5.192,5.125,5.207,5.199,5.101,"_"
"AGO 1997",5.25,"_","_","_","_","_","_",4.180,"_",5.487,5.393,5.340,5.264,5.211,5.207,5.081,5.062,"_"
"SEP 1997",5.25,"_","_","_","_","_","_",4.090,"_",5.307,5.265,5.167,5.088,4.990,5.200,5.130,5.053,"_"
"OCT 1997",5.00,"_","_","_","_","_","_",4.350,"_",5.118,5.132,5.122,5.054,4.985,4.967,4.937,4.922,"_"
"NOV 1997",5.00,"_","_","_","_","_","_",4.220,"_",5.183,5.128,5.045,4.948,4.807,4.991,4.929,4.858,"_"
"DIC 1997",4.75,"_","_","_","_","_","_",4.050,"_",4.885,4.894,4.832,4.699,4.623,4.629,4.744,4.657,4.570
"ENE 1998",4.75,"_","_","_","_","_","_",4.080,"_",4.828,4.817,4.703,4.518,4.421,4.570,4.420,4.405,4.200
"FEB 1998",4.50,"_","_","_","_","_","_",3.980,"_",5.289,4.781,4.644,4.433,4.325,4.633,4.542,4.386,"_"
"MAR 1998",4.50,"_","_","_","_","_","_",3.890,"_",4.586,4.630,4.440,4.246,4.161,4.502,4.451,4.250,"_"
"ABR 1998",4.50,"_","_","_","_","_","_",3.930,"_",4.593,4.557,4.405,4.256,4.215,4.485,4.380,4.203,"_"
"MAY 1998",4.25,"_","_","_","_","_","_",3.890,"_",4.322,4.333,4.336,4.229,4.220,4.270,4.210,4.173,"_"
"JUN 1998",4.25,"_","_","_","_","_","_",3.850,"_",4.328,4.340,4.332,4.228,4.191,4.253,4.225,4.185,4.050
"JUL 1998",4.25,"_","_","_","_","_","_",3.820,"_",4.396,4.351,4.328,4.216,4.137,4.241,4.217,4.171,"_"
"AGO 1998",4.25,"_","_","_","_","_","_",3.720,"_",4.598,4.430,4.351,4.168,4.066,4.247,4.212,4.155,"_"
"SEP 1998",4.25,"_","_","_","_","_","_",3.640,"_",4.469,4.417,4.252,3.954,3.830,4.257,4.124,4.031,"_"
"OCT 1998",3.75,"_","_","_","_","_","_",3.530,"_",4.043,4.111,3.987,3.718,3.635,3.780,3.708,3.560,"_"
"NOV 1998",3.50,"_","_","_","_","_","_",3.430,"_",3.622,3.790,3.804,3.644,3.618,3.247,3.397,3.346,3.320
"DIC 1998",3.00,"_","_","_","_","_","_",3.140,"_",2.999,3.417,3.361,3.286,3.240,2.573,2.632,2.785,"_"
"ENE 1999",3.00,3.08,4.50,2.00,"_","_","_",3.090,"_",3.109,3.138,3.112,3.093,3.065,2.855,2.912,2.888,"_"
"FEB 1999",3.00,3.04,4.50,2.00,"_","_","_",3.040,"_",3.089,3.098,3.064,3.008,3.035,2.991,2.928,2.892,2.908
"MAR 1999",3.00,2.96,4.50,2.00,"_","_","_",3.025,"_",2.907,3.027,3.033,3.011,3.031,2.833,2.897,2.880,2.966
"ABR 1999",2.50,2.53,3.50,1.50,"_","_","_",2.704,"_",2.692,2.677,2.679,2.690,2.709,2.578,2.531,2.485,2.583
"MAY 1999",2.50,2.53,3.50,1.50,"_","_","_",2.598,"_",2.541,2.543,2.560,2.582,2.656,2.503,2.474,2.472,2.551
"JUN 1999",2.50,2.63,3.50,1.50,"_","_","_",2.680,"_",2.556,2.586,2.603,2.655,2.780,2.524,2.505,2.510,2.665
"JUL 1999",2.50,2.65,3.50,1.50,"_","_","_",2.898,"_",2.513,2.613,2.660,2.864,3.018,2.459,2.510,2.554,2.890
"AGO 1999",2.50,2.65,3.50,1.50,"_","_","_",3.053,"_",2.435,2.592,2.681,3.018,3.233,2.398,2.440,2.594,"_"
"SEP 1999",2.50,2.66,3.50,1.50,"_","_","_",3.107,"_",2.417,2.565,2.688,3.068,3.260,2.384,2.480,2.543,"_"
"OCT 1999",2.50,3.19,3.50,1.50,"_","_","_",3.457,"_",2.482,2.725,3.320,3.429,3.607,2.446,2.655,3.022,"_"
"NOV 1999",3.00,3.18,4.00,2.00,"_","_","_",3.484,"_",2.919,3.005,3.444,3.475,3.659,2.908,2.935,3.084,"_"
"DIC 1999",3.00,3.26,4.00,2.00,"_","_","_",3.512,"_",3.020,3.490,3.449,3.519,3.806,3.022,3.116,3.138,"_"
"ENE 2000",3.00,3.28,4.00,2.00,"_","_","_",3.556,"_",3.019,3.122,3.309,3.544,3.919,2.966,3.044,3.236,3.902
"FEB 2000",3.25,"_",4.25,2.25,"_","_","_",3.735,"_",3.247,3.338,3.518,3.728,4.090,3.165,3.262,3.424,3.962
"MAR 2000",3.50,3.78,4.50,2.50,"_","_","_",3.936,"_",3.501,3.569,3.744,3.922,4.240,3.426,3.481,3.649,4.104
"ABR 2000",3.50,4.00,4.75,2.75,"_","_","_",4.083,"_",3.685,3.772,3.920,4.112,4.364,3.564,3.678,3.823,"_"
"MAY 2000",3.75,"_",4.75,2.75,"_","_","_",4.544,"_",3.918,4.160,4.356,4.547,4.854,3.851,4.053,4.248,4.647
"JUN 2000",4.25,4.49,5.25,3.25,"_","_","_",4.681,"_",4.270,4.344,4.497,4.679,4.950,4.201,4.262,4.406,4.781
"JUL 2000",4.25,4.59,5.25,3.25,"_","_","_",4.837,"_",4.297,4.382,4.574,4.823,5.099,4.265,4.315,4.479,4.987
"AGO 2000",4.25,4.84,5.25,3.25,"_","_","_",5.011,"_",4.406,4.549,4.776,4.980,5.272,4.331,4.460,4.675,5.022
"SEP 2000",4.50,4.84,5.50,3.50,"_","_","_",5.038,"_",4.576,4.679,4.854,5.019,5.192,4.530,4.601,4.738,5.120
"OCT 2000",4.75,5.06,5.75,3.75,"_","_","_",5.103,"_",4.741,4.833,5.027,5.117,5.190,4.695,4.753,4.909,"_"
"NOV 2000",4.75,5.03,5.75,3.75,"_","_","_",5.131,"_",4.827,4.907,5.075,5.131,5.159,4.800,4.835,4.925,5.096
"DIC 2000",4.75,4.75,5.75,3.75,"_","_","_",4.920,"_",4.834,4.932,4.933,4.909,4.859,4.777,4.793,4.757,"_"
"ENE 2001",4.75,4.66,5.75,3.75,4.76,4.805,4.771,4.675,4.574,4.751,4.783,4.749,4.669,4.564,4.723,4.674,4.601,4.376
"FEB 2001",4.75,"_",5.75,3.75,4.99,4.800,4.756,4.666,4.591,4.962,4.781,4.734,4.645,4.585,4.890,4.645,4.585,4.423
"MAR 2001",4.75,4.47,5.75,3.75,4.78,4.776,4.709,4.577,4.471,4.769,4.750,4.701,4.601,4.477,4.753,4.681,4.553,4.340
"ABR 2001",4.75,4.67,5.75,3.75,5.04,4.780,4.682,4.566,4.481,4.980,4.776,4.666,4.572,4.462,4.842,4.661,4.535,4.320
"MAY 2001",4.50,4.49,5.50,3.50,4.65,4.663,4.637,4.558,4.520,4.632,4.633,4.632,4.547,4.505,4.526,4.553,4.469,4.305
"JUN 2001",4.50,4.36,5.50,3.50,4.54,4.530,4.454,4.353,4.312,4.528,4.512,4.449,4.341,4.290,4.484,4.433,4.318,4.167
"JUL 2001",4.50,4.39,5.50,3.50,4.51,4.525,4.467,4.387,4.311,4.499,4.499,4.439,4.376,4.301,4.485,4.450,4.353,4.182
"AGO 2001",4.50,4.20,5.25,3.25,4.49,4.465,4.354,4.225,4.108,4.482,4.444,4.360,4.222,4.113,4.450,4.362,4.233,4.095
"SEP 2001",3.75,3.55,4.75,2.75,3.99,4.051,3.983,3.876,3.770,3.979,4.026,3.964,3.822,3.758,3.967,3.945,3.867,3.690
"OCT 2001",3.75,3.50,4.75,2.75,3.97,3.719,3.600,3.459,3.369,3.962,3.700,3.571,3.453,3.350,3.838,3.580,3.474,3.258
"NOV 2001",3.25,3.32,4.25,2.25,3.51,3.427,3.386,3.262,3.198,3.504,3.398,3.357,3.250,3.192,3.395,3.189,3.212,"_"
"DIC 2001",3.25,3.29,4.25,2.25,3.36,3.418,3.345,3.256,3.298,3.288,3.413,3.346,3.246,3.243,3.283,3.259,3.172,"_"
"ENE 2002",3.25,3.31,4.25,2.25,3.29,3.348,3.339,3.342,3.483,3.294,3.342,3.325,3.340,3.483,3.254,3.247,3.228,3.408
"FEB 2002",3.25,3.32,4.25,2.25,3.28,3.336,3.357,3.398,3.594,3.272,3.324,3.342,3.392,3.571,3.219,3.245,3.251,3.460
"MAR 2002",3.25,3.40,4.25,2.25,3.26,3.346,3.391,3.500,3.816,3.245,3.328,3.385,3.492,3.798,3.187,3.243,3.274,3.604
"ABR 2002",3.25,3.35,4.25,2.25,3.32,3.336,3.407,3.536,3.860,3.295,3.323,3.398,3.521,3.868,3.238,3.252,3.304,3.761
"MAY 2002",3.25,3.45,4.25,2.25,3.31,3.374,3.467,3.626,3.963,3.308,3.355,3.456,3.621,3.961,3.192,3.270,3.357,3.877
"JUN 2002",3.25,3.38,4.25,2.25,3.35,3.384,3.464,3.590,3.869,3.343,3.374,3.459,3.584,3.844,3.301,3.306,3.352,3.827
"JUL 2002",3.25,3.35,4.25,2.25,3.30,3.361,3.410,3.484,3.645,3.294,3.347,3.392,3.499,3.642,3.261,3.285,3.306,3.511
"AGO 2002",3.25,3.33,4.25,2.25,3.29,3.333,3.352,3.380,3.440,3.287,3.306,3.337,3.368,3.455,3.250,3.239,3.248,3.339
"SEP 2002",3.25,3.23,4.25,2.25,3.32,3.317,3.310,3.270,3.236,3.304,3.301,3.295,3.249,3.232,3.259,3.241,3.196,"_"
"OCT 2002",3.25,3.22,4.25,2.25,3.30,3.306,3.261,3.168,3.126,3.292,3.290,3.252,3.162,3.124,3.207,3.197,3.107,2.930
"NOV 2002",3.25,3.02,4.25,2.25,3.30,3.231,3.124,3.037,3.017,3.297,3.233,3.084,3.042,3.020,3.179,3.104,2.968,2.842
"DIC 2002",2.75,2.93,3.75,1.75,3.09,2.983,2.944,2.894,2.873,3.074,2.949,2.950,2.885,2.875,2.932,2.847,2.785,2.674
"ENE 2003",2.75,2.78,3.75,1.75,2.79,2.855,2.832,2.758,2.705,2.778,2.836,2.828,2.738,2.700,2.664,2.729,2.699,2.534
"FEB 2003",2.75,2.48,3.75,1.75,2.76,2.775,2.687,2.578,2.504,2.760,2.756,2.710,2.544,2.531,2.699,2.657,2.549,2.330
"MAR 2003",2.50,2.49,3.50,1.50,2.75,2.601,2.530,2.451,2.411,2.713,2.594,2.525,2.456,2.425,2.624,2.481,2.394,2.280
"ABR 2003",2.50,2.50,3.50,1.50,2.56,2.576,2.533,2.469,2.447,2.549,2.567,2.527,2.463,2.499,2.521,2.434,2.391,2.292
"MAY 2003",2.50,2.25,3.50,1.50,2.56,2.520,2.401,2.308,2.252,2.559,2.517,2.395,2.327,2.260,2.521,2.411,2.301,2.096
"JUN 2003",2.00,2.11,3.00,1.00,2.21,2.177,2.152,2.084,2.014,2.203,2.169,2.163,2.067,2.069,2.180,2.076,2.025,1.905
"JUL 2003",2.00,2.08,3.00,1.00,2.08,2.131,2.130,2.093,2.076,2.074,2.120,2.127,2.086,2.095,2.063,2.258,2.013,"_"
"AGO 2003",2.00,2.12,3.00,1.00,2.10,2.122,2.140,2.172,2.279,2.077,2.107,2.152,2.192,2.277,1.959,1.990,2.020,2.204
"SEP 2003",2.00,2.10,3.00,1.00,2.02,2.126,2.148,2.178,2.258,2.022,2.120,2.142,2.182,2.257,2.019,2.038,2.033,2.249
"OCT 2003",2.00,2.13,3.00,1.00,2.01,2.100,2.144,2.173,2.303,2.015,2.085,2.137,2.175,2.277,1.999,2.019,2.024,2.162
"NOV 2003",2.00,2.12,3.00,1.00,1.97,2.087,2.159,2.224,2.410,1.976,2.072,2.146,2.210,2.431,1.964,2.014,2.039,2.297
"DIC 2003",2.00,2.12,3.00,1.00,2.06,2.131,2.146,2.199,2.381,2.025,2.110,2.141,2.188,2.358,1.948,2.030,2.045,"_"
"ENE 2004",2.00,2.03,3.00,1.00,2.02,2.076,2.089,2.115,2.216,2.013,2.059,2.084,2.115,2.211,1.939,1.974,1.920,2.070
"FEB 2004",2.00,2.01,3.00,1.00,2.03,2.061,2.071,2.086,2.163,2.027,2.047,2.064,2.075,2.218,1.978,1.960,1.967,2.032
"MAR 2004",2.00,"_",3.00,1.00,2.01,2.043,2.029,2.019,2.055,1.997,2.022,2.026,2.014,2.032,1.936,1.946,1.929,1.870
"ABR 2004",2.00,2.01,3.00,1.00,2.08,2.052,2.049,2.061,2.163,2.059,2.034,2.034,2.062,2.183,1.963,1.940,1.947,2.123
"MAY 2004",2.00,2.04,3.00,1.00,2.02,2.061,2.086,2.136,2.297,2.014,2.049,2.081,2.135,2.303,1.965,1.960,1.974,2.180
"JUN 2004",2.00,"_",3.00,1.00,2.03,2.076,2.113,2.188,2.404,2.029,2.063,2.103,2.190,2.409,1.990,1.983,1.991,2.146
"JUL 2004",2.00,2.07,3.00,1.00,2.07,2.076,2.116,2.188,2.361,2.054,2.063,2.108,2.181,2.396,2.002,1.984,2.009,2.285
"AGO 2004",2.00,2.06,3.00,1.00,2.04,2.077,2.114,2.169,2.302,2.035,2.065,2.108,2.172,2.330,2.000,2.004,2.013,2.215
"SEP 2004",2.00,2.06,3.00,1.00,2.05,2.078,2.119,2.200,2.377,2.052,2.066,2.112,2.198,2.380,2.016,2.003,2.015,2.288
"OCT 2004",2.00,2.10,3.00,1.00,2.11,2.086,2.147,2.191,2.316,2.090,2.069,2.149,2.204,2.366,2.050,2.000,2.037,2.223
"NOV 2004",2.00,2.13,3.00,1.00,2.09,2.110,2.170,2.217,2.328,2.081,2.090,2.165,2.215,2.337,2.057,2.044,2.064,"_"
"DIC 2004",2.00,2.12,3.00,1.00,2.05,2.167,2.173,2.206,2.301,2.049,2.148,2.171,2.211,2.301,2.022,2.050,2.059,"_"
"ENE 2005",2.00,2.09,3.00,1.00,2.08,2.111,2.145,2.192,2.312,2.072,2.098,2.142,2.185,2.327,2.040,2.035,2.046,2.169
"FEB 2005",2.00,2.08,3.00,1.00,2.06,2.104,2.138,2.185,2.310,2.058,2.084,2.133,2.182,2.304,2.016,2.030,2.035,2.169
"MAR 2005",2.00,2.09,3.00,1.00,2.06,2.103,2.137,2.192,2.335,2.054,2.086,2.131,2.175,2.332,1.984,2.025,2.031,2.220
"ABR 2005",2.00,2.08,3.00,1.00,2.08,2.105,2.137,2.172,2.265,2.068,2.087,2.128,2.170,2.245,2.011,2.004,2.026,2.181
"MAY 2005",2.00,2.08,3.00,1.00,2.07,2.104,2.126,2.144,2.193,2.069,2.083,2.119,2.143,2.195,2.022,2.015,2.024,"_"
"JUN 2005",2.00,2.06,3.00,1.00,2.06,2.104,2.111,2.107,2.103,2.063,2.084,2.097,2.099,2.112,2.023,2.013,2.005,2.008
"JUL 2005",2.00,2.07,3.00,1.00,2.07,2.106,2.119,2.135,2.168,2.064,2.086,2.109,2.129,2.149,2.028,2.005,2.010,2.041
"AGO 2005",2.00,"_",3.00,1.00,2.06,2.113,2.132,2.160,2.223,2.067,2.088,2.125,2.144,2.231,2.038,2.034,2.036,2.120
"SEP 2005",2.00,2.09,3.00,1.00,2.09,2.115,2.139,2.167,2.220,2.090,2.094,2.128,2.172,2.248,2.086,2.037,2.039,2.130
"OCT 2005",2.00,2.17,3.00,1.00,2.07,2.121,2.197,2.272,2.414,2.069,2.107,2.186,2.268,2.435,2.021,2.041,2.085,"_"
"NOV 2005",2.00,"_",3.00,1.00,2.09,2.223,2.361,2.500,2.684,2.088,2.215,2.357,2.494,2.680,1.950,2.106,2.228,2.615
"DIC 2005",2.25,2.45,3.25,1.25,2.28,2.410,2.472,2.599,2.783,2.278,2.397,2.470,2.612,2.784,2.217,2.278,2.319,2.688
"ENE 2006",2.25,2.47,3.25,1.25,2.33,2.388,2.512,2.651,2.833,2.319,2.370,2.503,2.651,2.841,2.266,2.271,2.395,2.728
"FEB 2006",2.25,2.57,3.25,1.25,2.35,2.459,2.600,2.725,2.914,2.344,2.440,2.595,2.711,2.915,2.248,2.364,2.474,2.778
"MAR 2006",2.50,2.73,3.50,1.50,2.52,2.633,2.723,2.872,3.105,2.524,2.612,2.720,2.844,3.122,2.463,2.511,2.595,2.956
"ABR 2006",2.50,2.76,3.50,1.50,2.63,2.649,2.794,2.956,3.221,2.620,2.631,2.784,2.961,3.240,2.551,2.527,2.634,3.140
"MAY 2006",2.50,"_",3.50,1.50,2.58,2.693,2.889,3.058,3.308,2.579,2.675,2.879,3.067,3.320,2.444,2.554,2.745,3.175
"JUN 2006",2.75,3.00,3.75,1.75,2.70,2.869,2.986,3.158,3.401,2.691,2.854,2.976,3.149,3.430,2.610,2.760,2.844,"_"
"JUL 2006",2.75,3.08,3.75,1.75,2.81,2.939,3.102,3.288,3.539,2.805,2.924,3.094,3.272,3.530,2.742,2.818,2.946,"_"
"AGO 2006",3.00,3.20,4.00,2.00,2.97,3.094,3.226,3.410,3.615,2.963,3.080,3.218,3.380,3.607,2.850,2.986,3.073,"_"
"SEP 2006",3.00,3.30,4.00,2.00,3.04,3.157,3.335,3.527,3.715,3.033,3.140,3.326,3.541,3.701,2.958,3.034,3.185,3.545
"OCT 2006",3.25,3.48,4.25,2.25,3.28,3.350,3.502,3.645,3.799,3.265,3.335,3.509,3.615,3.788,3.184,3.231,3.340,3.663
"NOV 2006",3.25,3.58,4.25,2.25,3.33,3.421,3.597,3.728,3.864,3.317,3.410,3.587,3.723,3.849,3.254,3.313,3.434,3.694
"DIC 2006",3.50,3.66,4.50,2.50,3.50,3.640,3.684,3.789,3.921,3.482,3.630,3.688,3.802,3.924,3.344,3.485,3.516,3.804
"ENE 2007",3.50,"_",4.50,2.50,3.56,3.616,3.752,3.890,4.064,3.552,3.603,3.745,3.872,4.048,3.506,3.503,3.611,3.946
"FEB 2007",3.50,3.72,4.50,2.50,3.57,3.651,3.818,3.944,4.094,3.552,3.624,3.809,3.933,4.089,3.497,3.535,3.675,3.934
"MAR 2007",3.75,3.87,4.75,2.75,3.69,3.844,3.891,3.996,4.106,3.697,3.830,3.887,4.001,4.119,3.636,3.732,3.751,"_"
"ABR 2007",3.75,3.96,4.75,2.75,3.82,3.859,3.975,4.097,4.253,3.804,3.849,3.966,4.097,4.246,3.714,3.747,3.837,"_"
"MAY 2007",3.75,4.06,4.75,2.75,3.79,3.919,4.071,4.197,4.373,3.786,3.900,4.065,4.198,4.389,3.725,3.808,3.936,"_"
"JUN 2007",4.00,4.11,5.00,3.00,3.96,4.098,4.148,4.283,4.505,3.952,4.078,4.137,4.269,4.484,3.880,3.990,4.005,"_"
"JUL 2007",4.00,4.20,5.00,3.00,4.06,4.105,4.216,4.359,4.564,4.054,4.098,4.193,4.304,4.558,3.965,3.985,4.051,4.359
"AGO 2007",4.00,4.56,5.00,3.00,4.05,4.308,4.544,4.594,4.666,4.029,4.308,4.536,4.534,4.638,3.864,3.968,4.064,4.374
"SEP 2007",4.00,4.50,5.00,3.00,4.03,4.434,4.742,4.751,4.724,3.991,4.382,4.725,4.697,4.725,3.943,4.002,3.998,"_"
"OCT 2007",4.00,"_",5.00,3.00,3.94,4.236,4.687,4.663,4.647,3.904,4.241,4.652,4.689,4.643,3.884,3.962,3.983,4.040
"NOV 2007",4.00,4.65,5.00,3.00,4.02,4.216,4.639,4.630,4.607,4.005,4.253,4.644,4.572,4.591,3.964,3.970,3.988,3.999
"DIC 2007",4.00,4.00,5.00,3.00,3.88,4.711,4.848,4.819,4.793,3.852,4.745,4.821,4.792,4.779,3.802,3.938,3.924,"_"
"ENE 2008",4.00,4.21,5.00,3.00,4.02,4.197,4.482,4.501,4.498,3.979,4.174,4.463,4.438,4.421,3.897,3.939,3.928,3.599
"FEB 2008",4.00,4.16,5.00,3.00,4.03,4.182,4.362,4.356,4.349,4.000,4.166,4.341,4.296,4.328,3.990,3.968,3.927,3.580
"MAR 2008",4.00,4.44,5.00,3.00,4.09,4.305,4.596,4.593,4.590,4.069,4.279,4.584,4.568,4.581,4.014,3.987,3.936,"_"
"ABR 2008",4.00,4.55,5.00,3.00,3.99,4.369,4.784,4.795,4.820,3.991,4.327,4.759,4.770,4.756,3.966,3.975,3.978,"_"
"MAY 2008",4.00,4.51,5.00,3.00,4.01,4.387,4.857,4.897,4.994,4.005,4.362,4.822,4.854,4.948,3.990,3.985,4.000,"_"
"JUN 2008",4.00,4.50,5.00,3.00,4.01,4.472,4.941,5.088,5.361,3.991,4.426,4.938,5.023,5.288,3.983,4.082,4.178,"_"
"JUL 2008",4.25,4.70,5.25,3.25,4.19,4.472,4.961,5.148,5.393,4.167,4.449,4.951,5.052,5.343,4.123,4.245,4.300,"_"
"AGO 2008",4.25,4.60,5.25,3.25,4.30,4.487,4.965,5.160,5.323,4.266,4.466,4.936,5.089,5.257,4.283,4.314,4.336,4.460
"SEP 2008",4.25,4.36,5.25,3.25,4.27,4.660,5.019,5.219,5.384,4.266,4.603,4.986,5.146,5.300,4.128,4.242,4.253,"_"
"OCT 2008",3.75,3.75,4.25,3.25,3.82,4.831,5.113,5.178,5.248,3.878,4.816,5.128,5.227,5.276,3.219,3.337,3.293,"_"
"NOV 2008",3.25,3.25,3.75,2.75,3.15,3.843,4.238,4.295,4.350,3.171,3.933,4.177,4.190,4.424,2.743,2.691,2.490,2.210
"DIC 2008",2.50,2.50,3.00,2.00,2.49,2.993,3.293,3.365,3.452,2.410,3.079,3.326,3.318,3.457,2.219,2.123,1.917,"_"
"ENE 2009",2.00,2.00,3.00,1.00,1.81,2.142,2.457,2.539,2.622,1.750,2.252,2.373,2.266,2.383,1.603,1.501,1.373,"_"
"FEB 2009",2.00,2.00,3.00,1.00,1.26,1.628,1.943,2.034,2.135,1.267,1.756,1.976,2.050,2.177,1.157,1.127,1.035,1.178
"MAR 2009",1.50,1.50,2.50,0.50,1.06,1.269,1.635,1.775,1.909,1.029,1.328,1.622,1.771,1.887,0.929,0.858,0.907,1.130
"ABR 2009",1.25,1.25,2.25,0.25,0.84,1.012,1.422,1.608,1.771,0.821,1.120,1.466,1.608,1.760,0.734,0.788,0.809,"_"
"MAY 2009",1.00,1.00,1.75,0.25,0.78,0.884,1.282,1.480,1.644,0.706,0.960,1.301,1.486,"_",0.669,0.695,0.729,"_"
"JUN 2009",1.00,1.00,1.75,0.25,0.70,0.913,1.228,1.436,1.610,0.657,0.909,1.260,1.452,1.507,0.656,0.695,0.721,"_"
"JUL 2009",1.00,1.00,1.75,0.25,0.36,0.610,0.975,1.213,1.412,0.300,0.593,0.949,1.182,1.407,0.262,0.364,0.455,0.550
"AGO 2009",1.00,1.00,1.75,0.25,0.35,0.508,0.860,1.115,1.334,0.300,0.522,0.864,1.098,1.342,0.257,0.293,0.411,"_"
"SEP 2009",1.00,1.00,1.75,0.25,0.36,0.455,0.772,1.042,1.261,0.321,0.505,0.798,1.081,1.265,0.293,0.305,0.375,0.739
"OCT 2009",1.00,1.00,1.75,0.25,0.36,0.430,0.738,1.017,1.243,0.304,0.431,0.746,0.999,"_",0.272,0.294,0.424,0.810
"NOV 2009",1.00,1.00,1.75,0.25,0.36,0.435,0.716,0.993,1.231,0.330,0.439,0.724,0.972,1.231,0.309,0.335,0.410,0.815
"DIC 2009",1.00,1.00,1.75,0.25,0.35,0.478,0.712,0.996,1.242,0.318,0.496,0.699,0.962,1.236,0.269,0.322,0.399,0.700
"ENE 2010",1.00,1.00,1.75,0.25,0.34,0.437,0.680,0.977,1.232,0.298,0.423,0.673,0.976,1.230,0.258,0.294,0.308,0.807
"FEB 2010",1.00,1.00,1.75,0.25,0.34,0.421,0.662,0.965,1.225,0.308,0.416,0.650,0.939,1.334,0.267,0.306,0.356,0.800
"MAR 2010",1.00,"_",1.75,0.25,0.35,0.406,0.645,0.952,1.215,0.317,0.397,0.613,0.872,1.171,0.258,0.294,0.364,"_"
"ABR 2010",1.00,1.00,1.75,0.25,0.35,0.405,0.645,0.955,1.225,0.324,0.417,0.638,0.838,1.205,0.258,0.266,0.329,0.785
"MAY 2010",1.00,1.00,1.75,0.25,0.34,0.423,0.687,0.982,1.249,0.380,0.462,0.687,0.970,"_",0.304,0.384,0.499,"_"
"JUN 2010",1.00,1.00,1.75,0.25,0.35,0.446,0.728,1.012,1.281,0.551,0.800,1.072,0.996,1.270,0.418,0.724,0.965,"_"
"JUL 2010",1.00,1.00,1.75,0.25,0.48,0.583,0.849,1.104,1.373,0.484,0.768,1.119,1.100,1.388,0.412,0.781,0.992,"_"
"AGO 2010",1.00,1.00,1.75,0.25,0.43,0.640,0.896,1.147,1.421,0.385,0.851,0.997,1.158,1.427,0.326,0.650,0.865,1.500
"SEP 2010",1.00,1.00,1.75,0.25,0.45,0.618,0.881,1.137,1.420,0.436,0.868,0.930,1.138,1.408,0.367,0.552,0.824,"_"
"OCT 2010",1.00,1.00,1.75,0.25,0.70,0.784,0.998,1.224,1.495,0.692,1.007,0.953,1.204,1.477,0.642,0.776,1.111,"_"
"NOV 2010",1.00,1.00,1.75,0.25,0.59,0.834,1.042,1.269,1.540,0.601,1.077,1.028,"_",1.536,0.557,0.791,0.902,"_"
"DIC 2010",1.00,1.00,1.75,0.25,0.50,0.811,1.022,1.251,1.526,0.675,1.038,1.081,1.255,1.519,0.571,1.000,1.313,"_"
"ENE 2011",1.00,1.00,1.75,0.25,0.66,0.793,1.017,1.254,1.550,0.644,0.991,1.029,1.277,"_",0.579,0.949,1.162,"_"
"FEB 2011",1.00,1.00,1.75,0.25,0.71,0.894,1.087,1.352,1.714,0.703,1.112,1.077,1.344,1.683,0.647,0.901,1.072,"_"
"MAR 2011",1.00,1.00,1.75,0.25,0.66,0.903,1.176,1.483,1.924,0.662,1.117,1.170,1.465,"_",0.594,0.857,1.097,"_"
"ABR 2011",1.25,1.25,2.00,0.50,0.97,1.127,1.321,1.621,2.086,0.977,1.251,1.307,1.644,2.083,0.941,1.145,1.232,"_"
"MAY 2011",1.25,1.25,2.00,0.50,1.03,1.243,1.425,1.707,2.147,1.033,1.430,1.427,1.716,2.226,0.987,1.158,1.249,"_"
"JUN 2011",1.25,1.25,2.00,0.50,1.12,1.279,1.489,1.749,2.144,1.201,1.385,1.487,1.716,"_",1.118,1.249,1.441,1.770
"JUL 2011",1.50,1.50,2.25,0.75,1.01,1.422,1.598,1.818,2.183,1.077,1.473,"_","_",3.100,1.001,1.476,1.670,2.000
"AGO 2011",1.50,1.50,2.25,0.75,0.91,1.373,1.552,1.755,2.097,1.060,1.390,1.450,1.820,3.100,0.930,1.366,1.487,3.341
"SEP 2011",1.50,1.50,2.25,0.75,1.01,1.347,1.536,1.736,2.067,1.271,1.604,1.675,"_",3.100,0.996,1.231,1.373,"_"
"OCT 2011",1.50,1.50,2.25,0.75,0.96,1.363,1.576,1.776,2.110,1.399,1.521,"_","_","_",1.064,1.296,1.438,"_"
"NOV 2011",1.25,1.25,2.00,0.50,0.79,1.227,1.485,1.706,2.044,1.378,1.302,1.462,"_",3.100,1.008,1.276,1.646,1.000
"DIC 2011",1.00,1.00,1.75,0.25,0.63,1.143,1.426,1.671,2.004,0.806,1.375,"_","_","_",0.636,1.078,1.773,"_"
"ENE 2012",1.00,1.00,1.75,0.25,0.38,0.836,1.222,1.505,1.837,0.336,1.144,1.156,"_","_",0.242,0.366,0.501,"_"
"FEB 2012",1.00,1.00,1.75,0.25,0.37,0.626,1.048,1.345,1.678,0.352,0.837,1.070,"_",1.716,0.274,0.278,0.533,"_"
"MAR 2012",1.00,1.00,1.75,0.25,0.36,0.467,0.858,1.164,1.498,0.310,0.505,0.945,"_","_",0.173,0.165,0.600,"_"
"ABR 2012",1.00,1.00,1.75,0.25,0.35,0.409,0.744,1.040,1.368,0.311,0.478,"_","_","_",0.204,0.207,0.450,"_"
"MAY 2012",1.00,1.00,1.75,0.25,0.34,0.394,0.685,0.970,1.266,0.337,0.544,"_","_","_",0.247,0.320,0.613,"_"
"JUN 2012",1.00,1.00,1.75,0.25,0.33,0.380,0.659,0.935,1.219,0.406,0.834,"_","_","_",0.321,0.773,0.933,"_"
"JUL 2012",0.75,0.75,1.50,0.00,0.18,0.219,0.497,0.779,1.061,0.238,0.514,"_","_","_",0.200,0.445,0.150,1.000
"AGO 2012",0.75,0.75,1.50,0.00,0.11,0.132,0.332,0.606,0.877,0.206,0.593,"_","_","_",0.147,0.447,"_","_"
"SEP 2012",0.75,0.75,1.50,0.00,0.10,0.119,0.246,0.484,0.740,0.215,2.223,"_","_","_",0.095,0.435,0.460,"_"
"OCT 2012",0.75,0.75,1.50,0.00,0.09,0.111,0.208,0.412,0.650,0.199,0.601,"_","_","_",0.146,0.509,0.672,"_"
"NOV 2012",0.75,0.75,1.50,0.00,0.08,0.109,0.192,0.360,0.588,0.137,0.649,"_","_","_",0.063,0.531,0.643,"_"
"DIC 2012",0.75,0.75,1.50,0.00,0.07,0.111,0.185,0.324,0.549,0.177,0.200,"_","_","_",0.089,0.459,0.578,"_"
"ENE 2013",0.75,0.75,1.50,0.00,0.07,0.113,0.205,0.344,0.575,0.125,0.448,"_","_","_",0.034,0.254,0.300,"_"
"FEB 2013",0.75,0.75,1.50,0.00,0.07,0.120,0.223,0.362,0.594,0.106,0.588,"_","_","_",0.036,0.270,0.422,"_"
"MAR 2013",0.75,0.75,1.50,0.00,0.07,0.118,0.206,0.329,0.545,0.202,0.389,"_","_","_",0.070,0.287,0.422,"_"
"ABR 2013",0.75,0.75,1.50,0.00,0.08,0.118,0.209,0.324,0.528,0.157,0.564,"_","_","_",0.068,0.363,0.481,"_"
"MAY 2013",0.50,0.50,1.00,0.00,0.08,0.112,0.201,0.299,0.484,0.150,0.402,1.750,"_","_",0.076,0.330,0.455,"_"
"JUN 2013",0.50,0.50,1.00,0.00,0.09,0.121,0.210,0.321,0.507,0.170,0.559,"_","_","_",0.135,0.341,0.431,"_"
"JUL 2013",0.50,"_",1.00,0.00,0.09,0.125,0.221,0.336,0.525,0.205,0.307,0.217,0.330,0.519,0.129,0.379,0.419,"_"
"AGO 2013",0.50,0.50,1.00,0.00,0.08,0.128,0.226,0.342,0.542,0.147,0.185,1.250,"_",0.531,0.060,0.410,0.489,"_"
"SEP 2013",0.50,0.50,1.00,0.00,0.08,0.128,0.223,0.340,0.543,0.135,0.417,"_","_",0.548,0.050,0.362,0.362,"_"
"OCT 2013",0.50,0.50,1.00,0.00,0.09,0.128,0.226,0.342,0.541,0.113,0.408,"_","_",0.537,0.073,0.330,0.568,"_"
"NOV 2013",0.25,0.25,0.75,0.00,0.10,0.132,0.223,0.327,0.506,0.128,0.502,"_","_",0.533,0.105,0.200,0.238,"_"
"DIC 2013",0.25,0.25,0.75,0.00,0.17,0.214,0.274,0.371,0.543,0.130,0.211,"_","_",0.503,0.147,0.508,0.776,"_"
"ENE 2014",0.25,0.25,0.75,0.00,0.20,0.224,0.292,0.396,0.562,0.152,0.234,"_","_",0.551,0.152,0.200,0.469,"_"
"FEB 2014",0.25,0.25,0.75,0.00,0.16,0.224,0.288,0.387,0.549,0.165,0.296,0.700,"_",0.549,0.181,0.235,0.220,"_"
"MAR 2014",0.25,0.25,0.75,0.00,0.19,0.232,0.305,0.407,0.577,0.197,0.295,"_","_","_",0.198,0.249,0.259,"_"
"ABR 2014",0.25,"_",0.75,0.00,0.25,0.253,0.330,0.430,0.604,0.253,0.280,"_","_","_",0.264,0.247,0.488,"_"
"MAY 2014",0.25,0.25,0.75,0.00,0.25,0.259,0.325,0.417,0.592,0.262,0.250,0.550,"_","_",0.273,0.299,0.362,"_"
"JUN 2014",0.15,0.15,0.40,-0.10,0.08,0.153,0.241,0.333,0.513,0.101,0.150,"_","_","_",0.079,0.150,0.171,"_"
"JUL 2014",0.15,0.15,0.40,-0.10,0.04,0.096,0.205,0.305,0.488,0.070,0.270,"_","_","_",0.040,0.063,0.105,"_"
"AGO 2014",0.15,0.15,0.40,-0.10,0.02,0.085,0.192,0.292,0.469,0.065,0.130,0.420,"_","_",-0.017,0.056,0.193,"_"
"SEP 2014",0.05,0.05,0.30,-0.20,0.01,0.018,0.097,0.200,0.362,0.047,0.080,"_","_","_",-0.006,0.013,0.082,"_"
"OCT 2014",0.05,0.05,0.30,-0.20,-0.00,0.008,0.083,0.184,0.338,0.027,0.030,"_","_","_",-0.005,0.030,0.058,"_"
"NOV 2014",0.05,0.05,0.30,-0.20,-0.01,0.010,0.081,0.182,0.335,0.019,0.063,0.370,"_","_",-0.006,0.055,0.118,"_"
"DIC 2014",0.05,0.05,0.30,-0.20,-0.03,0.023,0.081,0.176,0.329,0.006,0.040,0.220,"_","_",-0.032,0.145,0.300,"_"
"ENE 2015",0.05,0.05,0.30,-0.20,-0.05,0.005,0.063,0.152,0.298,-0.041,0.040,"_","_","_",-0.071,0.014,0.075,0.170
"FEB 2015",0.05,0.05,0.30,-0.20,-0.04,0.000,0.048,0.126,0.255,-0.002,0.072,0.200,"_","_",-0.024,0.035,0.038,"_"
"MAR 2015",0.05,0.05,0.30,-0.20,-0.05,-0.010,0.027,0.097,0.212,-0.027,0.050,"_","_","_",-0.061,0.002,0.055,"_"
"ABR 2015",0.05,0.05,0.30,-0.20,-0.07,-0.029,0.005,0.073,0.180,-0.072,0.025,"_","_","_",-0.137,-0.031,-0.026,"_"
"MAY 2015",0.05,0.05,0.30,-0.20,-0.11,-0.050,-0.010,0.057,0.165,-0.074,0.050,0.150,"_","_",-0.153,-0.070,-0.060,"_"
"JUN 2015",0.05,0.05,0.30,-0.20,-0.12,-0.063,-0.014,0.049,0.163,-0.057,0.075,"_","_","_",-0.147,-0.020,-0.027,0.020
"JUL 2015",0.05,0.05,0.30,-0.20,-0.12,-0.071,-0.019,0.049,0.167,-0.087,-0.005,"_","_","_",-0.172,-0.080,-0.020,"_"
"AGO 2015",0.05,0.05,0.30,-0.20,-0.12,-0.088,-0.028,0.044,0.161,-0.119,0.000,"_","_","_",-0.197,-0.145,-0.100,"_"
"SEP 2015",0.05,"_",0.30,-0.20,-0.14,-0.105,-0.037,0.035,0.154,-0.113,0.110,"_","_","_",-0.176,-0.127,-0.073,"_"
"OCT 2015",0.05,0.05,0.30,-0.20,-0.14,-0.116,-0.054,0.020,0.128,-0.123,-0.060,"_",0.200,"_",-0.198,-0.145,0.066,-0.020
"NOV 2015",0.05,0.05,0.30,-0.20,-0.13,-0.140,-0.088,-0.015,0.079,-0.093,-0.100,0.013,"_","_",-0.195,-0.192,"_","_"
"DIC 2015",0.05,0.05,0.30,-0.30,-0.20,-0.190,-0.126,-0.040,0.059,-0.106,0.000,"_","_","_",-0.251,-0.193,-0.186,"_"
"ENE 2016",0.05,0.05,0.30,-0.30,-0.24,-0.223,-0.146,-0.061,0.042,-0.123,0.250,-0.080,"_","_",-0.298,-0.294,-0.237,"_"
"FEB 2016",0.05,0.05,0.30,-0.30,-0.24,-0.246,-0.184,-0.115,-0.008,-0.079,"_",-0.063,"_","_",-0.290,-0.294,-0.270,"_"
